PRAGMA foreign_keys = ON;

INSERT INTO banks (id, name) VALUES
    (1000, 'SBI'),
    (1001, 'HDFC'),
    (1002, 'ICICI'),
    (1003, 'Axis'),
    (1004, 'Punjab National Bank'),
    (1005, 'Bank of Baroda'),
    (1006, 'Canara Bank'),
    (1007, 'Union Bank'),
    (1008, 'IndusInd Bank'),
    (1009, 'Kotak Mahindra'),
    (1010, 'Yes Bank'),
    (1011, 'IDFC First'),
    (1012, 'Federal Bank'),
    (1013, 'South Indian Bank'),
    (1014, 'Bandhan Bank'),
    (1015, 'RBL Bank'),
    (1016, 'Karur Vysya Bank'),
    (1017, 'City Union Bank'),
    (1018, 'Dhanlaxmi Bank'),
    (1019, 'Lakshmi Vilas Bank'),
    (1020, 'Saraswat Bank'),
    (1021, 'DCB Bank'),
    (1022, 'CSB Bank'),
    (1023, 'Nainital Bank'),
    (1024, 'Bank of Maharashtra'),
    (1025, 'Bank of India'),
    (1026, 'Indian Bank'),
    (1027, 'Indian Overseas Bank'),
    (1028, 'Central Bank of India'),
    (1029, 'UCO Bank');


INSERT INTO users (id, name, activated) VALUES
    (2000, 'Priyanshu Ranjan',   1),
    (2001, 'Rohit Sharma',       1),
    (2002, 'Aditi Rao',          1),
    (2003, 'Mohit Verma',        1),
    (2004, 'Sneha Patil',        0),
    (2005, 'Arjun Mehta',        1),
    (2006, 'Kavya Nair',         1),
    (2007, 'Vikram Singh',       1),
    (2008, 'Pooja Iyer',         1),
    (2009, 'Rahul Gupta',        1),
    (2010, 'Divya Krishnan',     1),
    (2011, 'Ankit Joshi',        1),
    (2012, 'Neha Tiwari',        1),
    (2013, 'Siddharth Das',      1),
    (2014, 'Meera Pillai',       1),
    (2015, 'Karan Malhotra',     1),
    (2016, 'Ritika Saxena',      0),
    (2017, 'Aakash Pandey',      1),
    (2018, 'Shreya Bhatt',       1),
    (2019, 'Nikhil Shetty',      1),
    (2020, 'Priya Menon',        1),
    (2021, 'Gaurav Kapoor',      1),
    (2022, 'Tanvi Desai',        1),
    (2023, 'Rohan Chaudhary',    1),
    (2024, 'Anjali Reddy',       1),
    (2025, 'Manish Trivedi',     0),
    (2026, 'Swati Kulkarni',     1),
    (2027, 'Deepak Banerjee',    1),
    (2028, 'Harsha Vardhan',     1),
    (2029, 'Lakshmi Narayanan',  1),
    (2030, 'Varun Agarwal',      1),
    (2031, 'Ishaan Chatterjee',  1);

INSERT INTO accounts (id, user_id, bank_id, account_type, balance, activated) VALUES
    (3000, 2000, 1000, 1, 50000,  1),
    (3001, 2000, 1001, 2, 120000, 1),
    (3002, 2001, 1000, 1, 30000,  1),
    (3003, 2002, 1002, 1, 85000,  1),
    (3004, 2003, 1001, 1, 500,    1),
    (3005, 2003, 1003, 2, 150000, 1),
    (3006, 2004, 1000, 1, 20000,  0),
    (3007, 2005, 1004, 1, 45000,  1),
    (3008, 2006, 1005, 3, 62000,  1),
    (3009, 2007, 1002, 1, 9800,   1),
    (3010, 2008, 1006, 2, 200000, 1),
    (3011, 2009, 1007, 1, 15000,  1),
    (3012, 2010, 1001, 1, 33000,  1),
    (3013, 2011, 1008, 3, 78000,  1),
    (3014, 2012, 1009, 1, 4200,   1),
    (3015, 2013, 1010, 2, 95000,  1),
    (3016, 2014, 1000, 1, 11000,  1),
    (3017, 2015, 1011, 4, 500000, 1),
    (3018, 2016, 1002, 1, 27000,  0),
    (3019, 2017, 1012, 1, 6600,   1),
    (3020, 2018, 1003, 2, 88000,  1),
    (3021, 2019, 1013, 1, 19500,  1),
    (3022, 2020, 1004, 3, 43000,  1),
    (3023, 2021, 1005, 1, 7100,   1),
    (3024, 2022, 1014, 1, 52000,  1),
    (3025, 2023, 1006, 2, 130000, 1),
    (3026, 2024, 1001, 1, 3800,   1),
    (3027, 2025, 1007, 1, 16000,  0),
    (3028, 2026, 1015, 3, 71000,  1),
    (3029, 2027, 1008, 1, 28000,  1),
    (3030, 2028, 1002, 4, 300000, 1),
    (3031, 2029, 1016, 1, 12500,  1),
    (3032, 2030, 1000, 2, 67000,  1),
    (3033, 2031, 1009, 1, 9000,   1),
    (3034, 2000, 1004, 3, 25000,  1);  


INSERT INTO transaction_history (from_id, to_id, amount) VALUES
    (3002, 3000, 500),
    (3000, 3003, 1000),
    (3003, 3002, 200),
    (3005, 3004, 300),
    (3010, 3008, 5000),
    (3007, 3011, 2000),
    (3013, 3009, 1500),
    (3015, 3012, 3000),
    (3017, 3000, 10000),
    (3020, 3014, 800),
    (3025, 3023, 4500),
    (3030, 3032, 7000),
    (3024, 3026, 1200),
    (3028, 3029, 9000),
    (3001, 3010, 6000),
    (3022, 3021, 400),
    (3033, 3031, 2500),
    (3032, 3034, 3500),
    (3012, 3016, 700),
    (3019, 3007, 1100),
    (3029, 3003, 600),
    (3025, 3001, 8000),
    (3014, 3019, 200),
    (3011, 3013, 3300),
    (3021, 3024, 1800),
    (3023, 3028, 2200),
    (3009, 3015, 950),
    (3016, 3022, 4000),
    (3031, 3033, 1500),
    (3034, 3002, 750),
    (3008, 3020, 5500),
    (3026, 3012, 180),
    (3000, 3034, 2000),
    (3003, 3010, 3000),
    (3032, 3025, 4200);